OWNER,Zurich,CDS,FIX,Category,Gen,Model,Taille (pouces),Preocesseur,RAM (GB),Storage (GB),Hosting Power (W),Serial Number,PV,Client / Partenaire,Date d'envoi,Lieu,Solution / Commentaire
Yvan,,,,Desktop,G1a,HP Elitedesk 8 G1a Mini ,,,,,,8CC5301MNX,,,,Showroom,
Benjamin,,,,Desktop,G1i,HP Elitedesk 8 G1i Mini ,,,,,,1HF5350PSS,,,,Stock,
Benjamin,,,,Desktop,G1i,HP Elitedesk 8 G1i TWR,,,,,,CZC5357CQ7,,,,Stock,
Hervé,,,,Desktop,G1i,HP EliteStudio 8 All-in-One 27” G1i,,,,,,CZC5357H8M,,,,Stock,
Yvan,,,,Desktop,G6,HP EliteDesk 800 G6 Desktop Mini PC,,,,,,8CC0200KBD,yes,,,Stock,
Yvan,,,,Desktop,G6,HP EliteDesk 800 G6 Desktop Mini PC,,,,,,8CC0311NL5,,,,Stock,
Yvan,,,,Desktop,G8,HP EliteDesk 800 G8 SFF PC,,,,,,CZC13982VC,,,,Stock,
Yvan,,,,Desktop,G9,HP EliteMini 800 G9,,,,,,1HF51602TS,,A localiser.... (PAIR),,Client,
Yvan,,,,Desktop,G9,HP EliteMini 800 G9,,,,,,1HF51602TT,,HUG?,,Client,
Yvan,,,,Desktop,G9,HP EliteSFF 800 G9,,,,,,CZC5157C6Z,,A localiser....HUG?,,Client,
Yvan,,,,Desktop,G9,HP EliteSFF 800 G9,,,,,,CZC5217JJZ,,DGNSI - Fabrian Groux,,Test,
Yvan,,,,Desktop,G9,HP EliteSFF 805 G9,,,,,,CZC5287B68,,,,Stock,
Yvan,,,,Display,G3,HP Z24u,24,,,,,CN4119381K,,,,Showroom,
Yvan,,,,Display,G3,HP Z24u,24,,,,,CN41030P8N,,,,Stock,
Yvan,,,,Display,G3,HP Z24u ,24,,,,,CN41131NCZ,,,,Showroom,
Amanda,,,,Display,G4,HP E24t G4,24,,,,,CNK0430XPJ,,,,Showroom,
Yvan,,,,Display,G4,HP P34hc G4,34,,,,,CNC1382VR7,,MIB - Ville de Genève,,Client,
Yvan,,,,Display,G5,HP E45c G5,45,,,,,CNC31609B4,,Simulateur auto,,Showroom,
Yvan,,,,Display,G5,HP E45c G5        ,45,,,,,CNC3070ZNV,,,,Stock,
Benjamin,,,,Display,,HP 524pf,24,,,,,CNXX4280S9P,,Wella,46071,Client,
Yvan,,,,Display,,HP 524pf,24,,,,,CN4424243H,,,,Showroom,
Yvan,,,,Display,,HP 524pf,24,,,,,VNG44905MC,,,,Stock,
Yvan,,,,Display,,HP 524pf,24,,,,,VNG44905M3,,,,Stock,
Yvan,,,,Display,,HP 524pf,24,,,,,VNG44905MD,,,,Stock,
Yvan,,,,Display,,HP 524pf,24,,,,,VNG44905MK,,,,Stock,
Benjamin,,,,Display,,HP 524pm,24,,,,,CNC4421WDW,,Wella,46071,Client,
Yvan,,,,Display,,HP 524pm,24,,,,,CNC4421Z0Z,,,,Showroom,
Yvan,,,,Display,,HP 524pu,24,,,,,CNC50322NX,,,,Stock,
Yvan,,,,Display,,HP 524pu,24,,,,,CNC5032180,,,,Stock,
Yvan,,,,Display,,HP 524pu,24,,,,,CNC5032182,,,,Stock,
Yvan,,,,Display,,HP 524pu,24,,,,,CNC503217W,,,,Stock,
Benjamin,3425,,,Display,,HP 527pm,27,,,,,CNC44729HG,,Wella,46071,Client,
Yvan,,,,Display,,HP 534pm,34,,,,,CNC50901ZC,,,,5eme,
Yvan,,,,Display,,HP 534pm,34,,,,,CNC509030B,,,,5eme,
Yvan,2331,,,Display,,HP 549pm,49,,,,,CNC54104XY,,,,Showroom,
Yvan,2692,,,Display,,HP 734pm,34,,,,,CN441503KQ,,,,Showroom,
Benjamin,,Also (CDS ?),,Display,,HP 738pu,38,,,,,CN44142R2Q,,,,5eme,
Yvan,2752,,,Display,,HP 738pu,38,,,,,CN441108K9,,,,Showroom,
Yvan,2748,,,Display,,HP 740pm,40,,,,,CN441137RX,,,,Showroom,
Yvan,,,,Display,,HP EliteDisplay S14,14,,,,,CNK8232JVF,,,,Showroom,"Missing , Luis ?"
Yvan,,,,Docking,G6,HP Thunderbolt 4 Ultra 180W G6 Dock,,,,,180,1H9525ZWC8,,,,Showroom,
Amanda,3358,,,Docking,G6,HP Thunderbolt 4 Ultra 280W G6 Dock,,,,,280,1H9527Z068,,Wella,46071,Client,
Amanda,,,,Docking,G6,HP Thunderbolt 4 Ultra 280W G6 Dock,,,,,280,1H9541Z2PG,,,,Showroom,
Yvan,,,,Docking,G6,HP USB-C 100W G6 Dock,,,,,100,5CG54XHTP,,,,Showroom,
Benjamin,2276,,,Docking,G6,HP USB-C Dock 100W G6 SWIS2,,,,,100,5CG38Z002,,Wella,46071,Client,
Yvan,,,,Laptop,G1,HP Chromebook x360 14 G1,,,,,,CND9293WJ2,,,,Stock,
Yvan,,,,Laptop,G1,HP EliteBook 1050 G1,,i5-8400H,8,256,,5CD8286ZXQ,,,,Stock,
Yvan,,,,Laptop,G10,HP EliteBook 650 G10,,i5-1345U,16,512,,5CD3477ZYC,,Satom IT,46097,Test,WXP
Yvan,,,,Laptop,G10,"WARG14L 1.0 PCIY01ZAW000
HP EliteBook 1040 G10",,U5 135U,16,512,,00027717Q7,yes,Satom IT,46097,Test,WXP
Yvan,,,,Laptop,G11,HP EliteBook 640 G11,,U5 135U,16,512,,5CD42254VN,,Lars Faustmann,,Test,WXP
Yvan,,,,Laptop,G11,HP EliteBook 845 G11,,RAI7P884,16,1024,,2MQ431065J,,Joseph Bruntz,,Test,"WXP, Intune"
Yvan,,,,Laptop,G11,HP EliteBook x360 1040 G11,,U7 165H,16,512,,5CG4274B4N,,Marc - BCVS,,Test,Edition PC
Yvan,,,,Laptop,G1a,HP Elitebook 8 G1a  R5PRO 230,,RAI5P230,32,512,,5CG52554X4,,,,Stock,
Tara,935,,,Laptop,G1a,HP EliteBook 8 G1a 14,,RAI7P250,16,512,,5CG5223CHF,,ELCA - Stéphane JACCARD,46023,Client,
Cynthia,989,,,Laptop,G1a,HP EliteBook 8 G1a 14 AI,,RAI5P340,16,512,,5CG5223CSL,,,,Stock,
Hervé,,,,Laptop,G1a,HP EliteBook 8 G1a 14 AI,,RAI7P350,32,512,,5CG5301D5Q,,Cynthia ROUAN,,Test,WXP
Yvan,,,,Laptop,G1a,HP Elitebook 8 G1a RAI7P350 ,,RAI7P350,32,512,,5CG52620JW,,,,Stock,
Benjamin - Cynthia,2777,,,Laptop,G1a,HP EliteBook X G1a 14 AI,,RAI7P360,32,1024,,5CG512589J,,UEFA - Alexandre,46117,Client,
Hervé - Alissia,,,,Laptop,G1i,HP Elitebook 6 14 G1i  U5235U 16GB 512SSD,,U5235U,16,512,,5CD5156WT6,,BNP Paribas,46175,Client,
Yvan,,,,Laptop,G1i,HP Elitebook 6 14 G1i  U5235U 16GB 512SSD,,U5235U,16,512,,5CD5156WT7,,A localiser....Hösli Patrick <Patrick.Hoesli@ne.ch>?,,Client,
Yvan,,,,Laptop,G1i,HP Elitebook 6 14 G1i  U7255U 4G,,U7255U,16,5112,,5CD5156WT5,,,,Showroom,WXP
Yvan,,,,Laptop,G1i,HP Elitebook 6 16 G1i  U5235U 16GB 512SSD,,U5235U,16,512,,5CD5160RTV,,SIEN Hösli Patrick <Patrick.Hoesli@ne.ch>?,,Client,
Benjamin,90,,,Laptop,G1i,HP EliteBook 6 G1i 14,,U5235U,32,512,,1H85243DG6,,,,Stock,
Yvan,,,,Laptop,G1i,HP EliteBook 6 G1i 16 inch Notebook AI PC,,U5235U,16,512,,5CD5160RTT,,,,Showroom,
Benjamin,,,,Laptop,G1i,HP EliteBook 8 Flip G1i 13,,U7265U,32,1024,,5CG5203ZJ6,,Wella,46071,Client,
Yvan,,,,Laptop,G1i,HP Elitebook 8 G1i  Next Gen AI ,,U5 238V,32,512,,5CG52554BR,,MIB - SEM Mr BIRR Alexandre (DIP) ,46076,Client,
Cynthia,959,,,Laptop,G1i,HP EliteBook 8 G1i 14,,U7265U,32,512,,5CG522398P,,,,Stock,
Yvan,,,,Laptop,G1i,HP EliteBook 8 G1i 14 - U5,,U5235U,32,512,,5CG545461B,,Joseph Bruntz - Deutch test,,Test,
Benjamin,964,,,Laptop,G1i,HP EliteBook 8 G1i 14 5G,,U5235U,32,512,,5CG5223976,,"ITC, MIB",,Client,
Hervé,,,,Laptop,G1i,HP EliteBook 8 G1i 14 Next Gen AI,,U7268V,32,512,,5CG5301D2M,,DIP test Debian 12,,Test,
Cynthia,539,,,Laptop,G1i,HP EliteBook 8 G1i 16,,U7265U,32,512,,5CG52239BT,,,,Stock,
Cynthia,2813,,,Laptop,G1i,HP EliteBook X Flip G1i 14 AI (Blue),,U5 238V,32,512,,5CG5130JY8,,,,Stock,
Benjamin,2807,,,Laptop,G1i,HP EliteBook X G1i 14 AI,,U7 268V,32,512,,5CG5133T8J,,,,Stock,
Cynthia,2805,,,Laptop,G1i,HP EliteBook X G1i 14 AI,,U7 268V,32,512,,5CG5133T8K,,,,Stock,
Jean,2836,,,Laptop,G1i,HP EliteBook X G1i 14 AI,,U5 238V,32,512,,5CG5130F5Y,,,,Stock,
Yvan,2927,,,Laptop,G1i,"MACHU13X 1.0 PCJQ01ZAW000
HP EliteBook 8 Flip G1i 13",,,,,,9CG47701H2,yes,,,Showroom,
Benjamin,2269,,,Laptop,G2i,Cashmere - HP EliteBook X G2i (-1kg),,,,,,000577130X,,,,Stock,
Yvan,,,,Laptop,G3,HP Dragonfly G3,,i7-1265U,16,512,,5CG22725PZ,,Marc ,,Test,HS touchpad
Yvan,,,,Laptop,G4,HP Dragonfly G4,,i7-1365U,16,256,,5CG3222KHQ,,Amanda,,Test,WXP
Yvan,,,,Laptop,G5,HP ProBook 470 G5,,i5-8250U,16,256,,5CD7398294,,,,Smart Locker,"Intune, WXP"
Yvan,,,,Laptop,G6,HP EliteBook 830 G6,,i7-8665U,8,256,,5CG9277BZB,,avivo,46049,Client,
Yvan,,,,Laptop,G6,HP EliteBook 830 G6,,i5-8365U,16,256,,5CG9265229,,,,Smart Locker,WXP
Yvan,,,,Laptop,G6,HP EliteBook 840 G6,,i5-8265U,16,512,,5CG9285XBQ,,avivo,46049,Client,
Yvan,,,,Laptop,G6,HP EliteBook 840 G6 HC,,i5-8365U,8,256,,5CG92565BK,,,,Stock,
Amanda,,,,Laptop,G6,HP EliteBook 840 G6 Refurbish,,i5-8365U,8,512,,5CG011334X,,,,Smart Locker,WXP
Yvan,,,,Laptop,G6,HP EliteBook x360 830 G6,,i7-8665U,8,512,,5CG9350K70,,avivo,46049,Client,
Yvan,,,,Laptop,G7,HP EliteBook 830 G7,,i5-10310U,8,256,,5CG032747P,,,,Stock,Mot de passe BIOS
Amanda,,,,Laptop,G7,HP EliteBook 840 G7 Refurbish,,i5-10310U,8,256,,5CG0419TRB,,,,Smart Locker,WXP
Amanda,,,,Laptop,G7,HP EliteBook 840 G7 Refurbish,,i5-10310U,8,256,,5CG04127NK,,,,Smart Locker,WXP
Amanda,,,,Laptop,G7,HP EliteBook 840 G7 Refurbish,,i5-10310U,8,256,,5CG05089TT,,Etat de geneve - bios update via linux,,Test,WXP
Yvan,,,,Laptop,G7,HP EliteBook 850 G7,,,,,,2TKB1200C9,yes,,,Stock,
Yvan,,,,Laptop,G7,HP EliteBook x360 1030 G7,,,,,,3T8017000C,yes,,,Stock,
Yvan,,,,Laptop,G8,HP EliteBook 840 G8,,,,,,000076030K,yes,Marc ,,Test,Fan Noisy
Amanda,,,,Laptop,G8,HP EliteBook x360 1030 G8,,i5-1135G7,16,512,,CND1034YY0,,,,Smart Locker,"Intune , WXP"
Yvan,,,,Laptop,G8,HP EliteBook x360 1030 G8,,i5-1135G7,16,512,,CND1034YYO,,,,Stock,
Yvan,,,,Laptop,G8,HP EliteBook x360 1030 G8,,i7-1185G7,16,512,,CND1234LQT,,Marc,,Test,HS
Yvan,,,,Laptop,G8,HP EliteBook x360 1040 G8,,i5-1135G7,16,512,,CND0396WHB,yes,,,Stock,
Yvan,,,,Laptop,G9,HP Elite x360 1040 G9 2-in-1,,i7-1265U,16,512,,5CG2364PQY,,,,Stock,
Yvan,,,,Laptop,G9,HP Elite x360 1040 G9 2-in-1,,i7-1265U,16,1024,,5CG215129Y,,,,Stock,
Yvan,1540,,,Laptop,G9,HP EliteBook 640 G9,,i5-1245U,16,512,,5CD2353LRX,,,,Stock,
Yvan,,,,Laptop,G9,HP EliteBook 650 G9,,i5-1235U,16,512,,5CD2238J0H,,Satom IT,46097,Test,WXP
Yvan,,,,Laptop,,HP Elite c1030 Chromebook,,i5-10310U,16,256,,5CD048F64Z,,,,Stock,
Benjamin,,,,Mobile Workstation,G11,HP ZBook Fury 16 G11,,,,,,5CG4366X98,,Wella - Sku#5F9H2ES,,Client,
Yvan,,,,Mobile Workstation,G11,HP Zbook Fury 16 G11,,,,,,5CG4366X9C,,,,Stock,
Yvan,2560,,,Mobile Workstation,G11,HP Zbook Fury 16 G11,,,,,,5CG4292H44,,,,Stock,
Yvan,,,,Mobile Workstation,G11,HP Zbook Studio 16 inch G11,,,,,,5CG43629J9,,,,Stock,
Hervé,2976,,,Mobile Workstation,G1a,"CHIRON 1.0 PCJL71ZBL000
HP ZBook Ultra G1a 14 inch",,,,,,00047711KJ,,,,Showroom,
Yvan,2833,,,Mobile Workstation,G1a,HP Zbook Ultra G1a 14,,,,,,5CG124GX3,,TEOXANE - Jean Scheibling / Olivier bortolotti,46097,Client,"Abimé dans le coin gauche...(Etat de Vaud)
Manque une alimentation de 140W"
Benjamin,2834,,,Mobile Workstation,G1a,Zbook Ultra G1a,,,,,,5CG5124F03,,UEFA,,Client,
Alissia,80,,,Mobile Workstation,G1i,HP Zbook 8 G1i 16,,,,,,5CG5233W23,,,,Stock,
Yvan,331,,,Mobile Workstation,G8,HP Zbook Fury 17.3 Inch G8,,,,,,CND1321WKK,,,,Stock,
Yvan,,,,Mobile Workstation,G8,HP Zbook Fury 17.3 Inch G8,,,,,,CND14600VM,,,,Stock,
Yvan,,,,PAIR RFP,G1i,HP Elitebook 8 G1i 14,,,,,,5CG5302MP8,,Mathieu CAILLET - Ville de Lausanne,45728,Client,
Yvan,,,,PAIR RFP,G1i,HP Elitedesk 8 G1i Mini ,,,,,,1HF531054Y,,Mathieu CAILLET - Ville de Lausanne,45728,Client,
Amanda,2234,,,Peripheral ,,HP 725 Multi-Device Rechargeable Wireless Keyboard,,,,,,7CH5396HZQ,,,,Stock,
Yvan,,,,SPARE PAIR,G1i,HP Elitebook 8 G1i 14,,,,,,5CG5302MPB,,Etat de Geneve - Felipe Regero,46066,Client,
Yvan,,,,SPARE PAIR,G1i,HP Elitebook 8 G1i U5 235U,,,,,,5CG52553QC,,,,5eme,
Yvan,,,,SPARE PAIR,G1i,HP Elitebook 8 G1i14,,,,,,5CG5302MP9,,"PAIR - DGEP,  M. Florian Gruber par MIB",45987,Client,
Yvan,,,,SPARE PAIR,G1i,HP Elitedesk 8 G1i Mini ,,,,,,1HF5310550,,,,5eme,
Yvan,,,,SPARE PAIR,G1i,HP Elitedesk 8 G1i Mini ,,,,,,1HF531054Z,,MIB - SEM Mr BIRR Alexandre (DIP) ,46076,Client,
Yvan,,,,SPARE PAIR,G1i,HP EliteDesk 8 SFF G1i,,,,,,CZC5297TXD,,MIB - SEM Mr BIRR Alexandre (DIP) ,46076,Client,
Yvan,,,,SPARE PAIR,G5,HP USB-C Dock G5 SWIS2,,,,,,1H9506ZT9J,,,,5eme,
Yvan,,,,SPARE PAIR,G5,HP USB-C Dock G5 SWIS2,,,,,,1H9506ZT4T,,,,5eme,
Yvan,,,,SPARE PAIR,G5,HP USB-C Dock G5 SWIS2,,,,,,1H9506ZRD5,,,,5eme,
Yvan,,,,SPARE PAIR,G5,HP USB-C Dock G5 SWIS2,,,,,,1H9506ZTB5,,,,5eme,
Yvan,,,,SPARE PAIR,G6,HP USB-C 100W G6 Dock,,,,,,5CG542XKPW,,Etat de Geneve - Felipe Regero,46066,Client,
Yvan,,,,SPARE PAIR,G6,HP USB-C 100W G6 Dock,,,,,,5CG542XGMF,,Etat de Vaud - M. Fabian Groux,46069,Client,
Yvan,,,,SPARE PAIR,G6,HP USB-C 100W G6 Dock,,,,,,5CG542XK0D,,,,Stock,
Amanda,,,,Thin Client,G1i,HP ProDesk 5 G1i Thin Client (IGEL),,,,,,8CG53546CG,,,,Stock,
Amanda,,,,Thin Client,G1i,HP ProDesk 5 G1i Thin Client (Win 11 Iot),,,,,,8CG535469N,,,,Showroom,
Yvan,,,,Thin Client,,HP mt22 Mobile Thin Client,,,,,,5CD028JP2G,,,,Stock,
Yvan,,,,Thin Client,,HP mt44,,,,,,5CG9076CVY,,,,Stock,
Amanda,,,,Thin Client ,G1i,HP ProDesk 5 G1i Thin Client (Thin Pro 9),,,,,,8CG53546D9,,,,Showroom,
Cynthia - Benjamin,,,,Workstation,G1i,HP Z2 Mini G1i Workstation Desktop PC,,,,,,8CN5190CLS,,"MIRABAUD, Swisscom",,Client,
Benjamin,,,FIX,Workstation,G1i,HP Z2 Twr G1i,,,,,,CZC53376KG,,Rolex (T. Potin),46071,Client,
Benjamin,,,FIX,Workstation,G1n,HP ZGX Nano G1n AI Station,,,,,,3TP5470078,,UEFA - Alexandre,46117,Client,
Herve,,,FIX,Workstation,G4,HP Z8 G4 Workstation,,,,,,CZC904C10F,,,,Showroom,Demo Yann Ballestra
Hervé,,,,Workstation,G9,HP Z2 Mini G9,,,,,,8CN2281ZCM,,,,Stock,
Hervé,,,,Workstation,G9,HP Z2 Mini G9 - PV,,,,,,,yes,,,Stock,
Amanda,,,,Workstation,,HP Z Captis,,,,,,8CD512004R,,Jet Aviation,46144,Client,
